"market","window","date_start","date_end","H","H_se","F_R2"
"Argentina",1,2001-01-03,2002-03-28,0.767291529167649,0.0308823349201355,0.971667199886742
"Argentina",2,2002-04-02,2003-06-24,0.524564601771029,0.0331862203303569,0.932798644265695
"Argentina",3,2003-06-25,2004-09-15,0.504539836616967,0.0259918780279263,0.954407766715375
"Argentina",4,2004-09-16,2005-12-06,0.477703882114472,0.0238052649882813,0.957213211689531
"Argentina",5,2005-12-07,2007-02-27,0.547038097189448,0.0346508100459926,0.932643456804104
"Argentina",6,2007-02-28,2008-05-28,0.455496307773065,0.0307333113525083,0.924261555143568
"Argentina",7,2008-05-29,2009-08-21,0.606524650763618,0.0594768372853903,0.852449702646662
"Argentina",8,2009-08-25,2010-11-11,0.615596453127641,0.0422513279603124,0.921834688888425
"Argentina",9,2010-11-12,2012-02-03,0.507115377415367,0.0321747015709764,0.932437206995616
"Argentina",10,2012-02-07,2013-05-01,0.526590220189943,0.0284222285324488,0.950175057424178
"Argentina",11,2013-05-02,2014-07-24,0.402654077361939,0.0277005246836444,0.921498338347849
"Argentina",12,2014-07-25,2015-10-15,0.417850471335395,0.0437858168795275,0.83496822404503
"Argentina",13,2015-10-16,2017-01-06,0.567942770004156,0.0259449788354815,0.963796115747148
"Argentina",14,2017-01-10,2018-04-03,0.534075068733945,0.0359394624360869,0.924633126830181
"Argentina",15,2018-04-04,2019-07-03,0.456670771734075,0.0295614202048001,0.929864735424007
"Argentina",16,2019-07-04,2020-09-23,0.473652076149557,0.0324916605946369,0.921911569226482
"Argentina",17,2020-09-24,2021-12-09,0.54873265386205,0.0338488285188214,0.935898674098059
"Argentina",18,2021-12-10,2023-02-23,0.419589053118178,0.0307453007069449,0.911871692251601
"Argentina",19,2023-02-24,2024-05-15,0.550844900707828,0.0300050392447362,0.949300248456997
"Argentina",20,2024-05-16,2025-08-07,0.265681552067468,0.0162113576912595,0.937191716633576
"UK",1,2001-01-03,2002-03-28,0.712256818843282,0.0520692378884548,0.912244753511061
"UK",2,2002-04-02,2003-06-24,0.489400218484164,0.0257962062056827,0.952371985310704
"UK",3,2003-06-25,2004-09-15,0.36348999190358,0.0294854034823399,0.894101771509955
"UK",4,2004-09-16,2005-12-06,0.553699517665455,0.0397906431675259,0.914948355776724
"UK",5,2005-12-07,2007-02-27,0.34982618727836,0.0272657877756167,0.901431795788209
"UK",6,2007-02-28,2008-05-28,0.481503664313437,0.0221367485806635,0.963349097598537
"UK",7,2008-05-29,2009-08-21,0.464743702318364,0.0333047080153318,0.915382650761517
"UK",8,2009-08-25,2010-11-11,0.616625299715696,0.0237795021140224,0.973928710673555
"UK",9,2010-11-12,2012-02-03,0.396327417550242,0.0186689611815386,0.961594234462448
"UK",10,2012-02-07,2013-05-01,0.424517214386238,0.0317686411035098,0.908426662544785
"UK",11,2013-05-02,2014-07-24,0.601098806151332,0.0264815367074338,0.966243776728598
"UK",12,2014-07-25,2015-10-15,0.340600803295172,0.0306220453832212,0.872984660456163
"UK",13,2015-10-16,2017-01-06,0.398469826836265,0.0258066080112797,0.929800615754134
"UK",14,2017-01-10,2018-04-03,0.574107127563604,0.0305118970696371,0.951617588658289
"UK",15,2018-04-04,2019-07-03,0.54545850646696,0.0247854634529013,0.964166025586265
"UK",16,2019-07-04,2020-09-23,0.504594417398776,0.0538902345877618,0.829662837619708
"UK",17,2020-09-24,2021-12-09,0.446335647982806,0.0127387382578285,0.985549573708708
"UK",18,2021-12-10,2023-02-23,0.511527010982814,0.0237743392688289,0.962572922632222
"UK",19,2023-02-24,2024-05-15,0.498759947222832,0.0261391272411226,0.952889876455386
"UK",20,2024-05-16,2025-08-07,0.425227472281121,0.0264325390464621,0.934971181256381
"Australia",1,2001-01-03,2002-03-28,0.586246078448532,0.0291427942315639,0.957413257609243
"Australia",2,2002-04-02,2003-06-24,0.643804851879547,0.0285417077308483,0.965831547446884
"Australia",3,2003-06-25,2004-09-15,0.446907848704663,0.0224545113934309,0.95653452692675
"Australia",4,2004-09-16,2005-12-06,0.524355535104302,0.0455258769062552,0.880524495430865
"Australia",5,2005-12-07,2007-02-27,0.501889938651254,0.0328723122671931,0.928317587660581
"Australia",6,2007-02-28,2008-05-28,0.364271557492455,0.020624997728158,0.945443633252995
"Australia",7,2008-05-29,2009-08-21,0.569817767484907,0.0340121898984708,0.939733700768292
"Australia",8,2009-08-25,2010-11-11,0.554147732848855,0.0227351042590682,0.970592887149625
"Australia",9,2010-11-12,2012-02-03,0.417062621979411,0.0234782559640955,0.946035393156912
"Australia",10,2012-02-07,2013-05-01,0.515574041117902,0.0249271384661869,0.959622832936867
"Australia",11,2013-05-02,2014-07-24,0.725268726395676,0.0411580463394702,0.945208674705436
"Australia",12,2014-07-25,2015-10-15,0.434046467942223,0.0244309706513831,0.946049513791666
"Australia",13,2015-10-16,2017-01-06,0.450042970467588,0.0302555775239316,0.924767099634824
"Australia",14,2017-01-10,2018-04-03,0.346966002238149,0.0265957248844004,0.904355199772004
"Australia",15,2018-04-04,2019-07-03,0.384389544885208,0.0218617181562708,0.944980001822884
"Australia",16,2019-07-04,2020-09-23,0.581703035217222,0.046183335993167,0.89810190523402
"Australia",17,2020-09-24,2021-12-09,0.504453803375212,0.0282674023880085,0.94650369111693
"Australia",18,2021-12-10,2023-02-23,0.429023733235816,0.0176276629598567,0.970508379566117
"Australia",19,2023-02-24,2024-05-15,0.41750981418242,0.0293320167616385,0.918406092324375
"Australia",20,2024-05-16,2025-08-07,0.618110704351067,0.0392018041827174,0.932485917880891
"Brazil",1,2001-01-03,2002-03-28,0.451263791017882,0.035779574312903,0.898345782475984
"Brazil",2,2002-04-02,2003-06-24,0.680649110405704,0.0287531505150746,0.968878110088278
"Brazil",3,2003-06-25,2004-09-15,0.476724524234572,0.027260202296544,0.94441488732302
"Brazil",4,2004-09-16,2005-12-06,0.514402030989103,0.0284220274223505,0.947911135611033
"Brazil",5,2005-12-07,2007-02-27,0.337843385464819,0.0195368479590614,0.943223912675133
"Brazil",6,2007-02-28,2008-05-28,0.543281751420059,0.0324545797608974,0.939641761023934
"Brazil",7,2008-05-29,2009-08-21,0.553906530699544,0.03835241419755,0.920560368351256
"Brazil",8,2009-08-25,2010-11-11,0.563894897330649,0.0288123379680212,0.955116222768473
"Brazil",9,2010-11-12,2012-02-03,0.403008338489075,0.019129060934561,0.961026698672413
"Brazil",10,2012-02-07,2013-05-01,0.596066629912177,0.0298813058938894,0.956721941652567
"Brazil",11,2013-05-02,2014-07-24,0.529372180456585,0.0217300297106941,0.970562927673006
"Brazil",12,2014-07-25,2015-10-15,0.403419547407094,0.0312775448181439,0.902364867932168
"Brazil",13,2015-10-16,2017-01-06,0.461451092107814,0.0285952605226704,0.935347927353722
"Brazil",14,2017-01-10,2018-04-03,0.526486528893165,0.0340294145855082,0.930061157384276
"Brazil",15,2018-04-04,2019-07-03,0.583397554952053,0.0284838654534063,0.95885708769918
"Brazil",16,2019-07-04,2020-09-23,0.367080493154131,0.0234853540444581,0.931377011169592
"Brazil",17,2020-09-24,2021-12-09,0.418738510489712,0.0226691031744091,0.949889529980375
"Brazil",18,2021-12-10,2023-02-23,0.640800608392713,0.0253098602113989,0.972686395963449
"Brazil",19,2023-02-24,2024-05-15,0.508273821857095,0.0295840246145123,0.942524322784837
"Brazil",20,2024-05-16,2025-08-07,0.518171361356315,0.0299445180082196,0.943296659750405
"Canada",1,2001-01-03,2002-03-28,0.752095983141373,0.0401052781170758,0.951308792770753
"Canada",2,2002-04-02,2003-06-24,0.435527118251464,0.0268348766057211,0.93603624202753
"Canada",3,2003-06-25,2004-09-15,0.363878151636982,0.0270225828098754,0.909695327499633
"Canada",4,2004-09-16,2005-12-06,0.595283609801389,0.04061052772789,0.922702800451139
"Canada",5,2005-12-07,2007-02-27,0.461406475715556,0.0208178861497348,0.964653239319686
"Canada",6,2007-02-28,2008-05-28,0.396340566832841,0.0260948331847845,0.92762061413486
"Canada",7,2008-05-29,2009-08-21,0.470269414820142,0.033445000659705,0.916555058761838
"Canada",8,2009-08-25,2010-11-11,0.475400014341462,0.0158032759992215,0.980497298419559
"Canada",9,2010-11-12,2012-02-03,0.358666981876958,0.0263968967753667,0.911163438279448
"Canada",10,2012-02-07,2013-05-01,0.353681427346477,0.0205435246543278,0.942747643528837
"Canada",11,2013-05-02,2014-07-24,0.611835611462549,0.0278465768546377,0.964054205493175
"Canada",12,2014-07-25,2015-10-15,0.374649056232365,0.0231845424999785,0.935513287080351
"Canada",13,2015-10-16,2017-01-06,0.394291583538561,0.0397946310885802,0.845056849106395
"Canada",14,2017-01-10,2018-04-03,0.453250102253536,0.0318873833993881,0.918196811628751
"Canada",15,2018-04-04,2019-07-03,0.584302503013206,0.0410136767727484,0.918538606477845
"Canada",16,2019-07-04,2020-09-23,0.376899349051518,0.0352734065576809,0.86381283178432
"Canada",17,2020-09-24,2021-12-09,0.452317233935751,0.0261809075022765,0.94312457084847
"Canada",18,2021-12-10,2023-02-23,0.606731337646462,0.0252630864682007,0.969737374562166
"Canada",19,2023-02-24,2024-05-15,0.474081190413946,0.024820716384126,0.952980325882263
"Canada",20,2024-05-16,2025-08-07,0.495242210056247,0.0313701182990215,0.932642680180817
"China",1,2001-01-03,2002-03-28,0.456077519962804,0.0451016688181163,0.850320288652241
"China",2,2002-04-02,2003-06-24,0.483319727925586,0.0372420690049721,0.903445399335728
"China",3,2003-06-25,2004-09-15,0.373937044616695,0.0238125465493932,0.931971654289037
"China",4,2004-09-16,2005-12-06,0.534987241918755,0.029254952572178,0.94892411117987
"China",5,2005-12-07,2007-02-27,0.403281716718547,0.0385765432786819,0.858587830275118
"China",6,2007-02-28,2008-05-28,0.391541191079446,0.0296239621249686,0.906585821270959
"China",7,2008-05-29,2009-08-21,0.443911416028962,0.0232093569455393,0.953102910705593
"China",8,2009-08-25,2010-11-11,0.418251303976449,0.0348033449654261,0.889177411083496
"China",9,2010-11-12,2012-02-03,0.410096231758618,0.0350065029418022,0.884048942760597
"China",10,2012-02-07,2013-05-01,0.437999544570317,0.0160888765100719,0.976288725527578
"China",11,2013-05-02,2014-07-24,0.534349009543158,0.0233128554686074,0.96687294431299
"China",12,2014-07-25,2015-10-15,0.540389313663786,0.0472812702375819,0.878892011960889
"China",13,2015-10-16,2017-01-06,0.454142698684641,0.025596166478958,0.94591347292797
"China",14,2017-01-10,2018-04-03,0.613442314893442,0.0699306591269014,0.810427811195453
"China",15,2018-04-04,2019-07-03,0.403528675092985,0.0211611262842541,0.95283509077732
"China",16,2019-07-04,2020-09-23,0.500518192591261,0.0362404046832769,0.913770479583697
"China",17,2020-09-24,2021-12-09,0.364422186990903,0.0191216608468893,0.95278199348077
"China",18,2021-12-10,2023-02-23,0.437220946345101,0.0261550263391137,0.939483989176498
"China",19,2023-02-24,2024-05-15,0.497008478464191,0.0284495988662988,0.944305813080536
"China",20,2024-05-16,2025-08-07,0.309732283245961,0.026121448260617,0.886505342569507
"France",1,2001-01-03,2002-03-28,0.751592935487173,0.0499216727149989,0.926430433473568
"France",2,2002-04-02,2003-06-24,0.406165005467265,0.0259758412230109,0.931426644803065
"France",3,2003-06-25,2004-09-15,0.367327457467662,0.0171764032652782,0.962132632029293
"France",4,2004-09-16,2005-12-06,0.442705329059417,0.0249741925683892,0.945820541570781
"France",5,2005-12-07,2007-02-27,0.307306927279412,0.0239753592148197,0.901256921437479
"France",6,2007-02-28,2008-05-28,0.49087626965982,0.020403834799929,0.969838600264896
"France",7,2008-05-29,2009-08-21,0.50804965316241,0.0276448670424188,0.949401337509794
"France",8,2009-08-25,2010-11-11,0.642500972740699,0.0315224758499331,0.958471635061436
"France",9,2010-11-12,2012-02-03,0.376563576446321,0.0185098636036837,0.958321364505644
"France",10,2012-02-07,2013-05-01,0.40007878549365,0.0239541696273799,0.939384054468532
"France",11,2013-05-02,2014-07-24,0.540518281564997,0.025892966653916,0.960332311351292
"France",12,2014-07-25,2015-10-15,0.48542631984715,0.0292074385691316,0.938821895292779
"France",13,2015-10-16,2017-01-06,0.416076704689277,0.0206450498378567,0.9575648473766
"France",14,2017-01-10,2018-04-03,0.399878460345906,0.0269689655753453,0.9243222087124
"France",15,2018-04-04,2019-07-03,0.478657225964485,0.0263794710285605,0.948163161170209
"France",16,2019-07-04,2020-09-23,0.507311916710751,0.0442220041702826,0.879683384039732
"France",17,2020-09-24,2021-12-09,0.450060643753745,0.0228254264706893,0.955750071676179
"France",18,2021-12-10,2023-02-23,0.491184071089764,0.0242300992780951,0.958036065355004
"France",19,2023-02-24,2024-05-15,0.467458541383729,0.0232960221504381,0.957208605334631
"France",20,2024-05-16,2025-08-07,0.531049852491658,0.0249716486071117,0.961722282863235
"Germany",1,2001-01-03,2002-03-28,0.688201604139375,0.0499705253593414,0.913324914350993
"Germany",2,2002-04-02,2003-06-24,0.432964725812586,0.0229770642534507,0.951751890602666
"Germany",3,2003-06-25,2004-09-15,0.366543903353461,0.0212311277520848,0.943049057363287
"Germany",4,2004-09-16,2005-12-06,0.391830202323284,0.0186906336982932,0.960654770366694
"Germany",5,2005-12-07,2007-02-27,0.337935877303194,0.0204898854655917,0.937933800840131
"Germany",6,2007-02-28,2008-05-28,0.523201214725162,0.0221450936349341,0.968760332187015
"Germany",7,2008-05-29,2009-08-21,0.538307608770441,0.0324341442958211,0.938662532588471
"Germany",8,2009-08-25,2010-11-11,0.548914690157377,0.0243902422710038,0.965681451123892
"Germany",9,2010-11-12,2012-02-03,0.563545206296089,0.0313766019118654,0.947149933996204
"Germany",10,2012-02-07,2013-05-01,0.399404345390306,0.0207961902100167,0.953471177164772
"Germany",11,2013-05-02,2014-07-24,0.483154746509443,0.0255104091808766,0.952217275395914
"Germany",12,2014-07-25,2015-10-15,0.479883714972376,0.0395685889415607,0.890965822531287
"Germany",13,2015-10-16,2017-01-06,0.418658691698192,0.0179792338379858,0.96786993225066
"Germany",14,2017-01-10,2018-04-03,0.42699502904762,0.0385254995490036,0.872197779090577
"Germany",15,2018-04-04,2019-07-03,0.468818008926491,0.0252564437650213,0.950352970495532
"Germany",16,2019-07-04,2020-09-23,0.454528257896089,0.0348449871323678,0.904333484260891
"Germany",17,2020-09-24,2021-12-09,0.485703987395369,0.0317248959776274,0.92868238836792
"Germany",18,2021-12-10,2023-02-23,0.527318701942616,0.0234307599927591,0.965681154965444
"Germany",19,2023-02-24,2024-05-15,0.545291532818676,0.0261191695174646,0.960339470861769
"Germany",20,2024-05-16,2025-08-07,0.533262727935459,0.0239866683420632,0.964860589355308
"India",1,2001-01-03,2002-03-28,0.529241641862977,0.0330651969836199,0.934352602015291
"India",2,2002-04-02,2003-06-24,0.529714648811377,0.0277586830837774,0.952898690006344
"India",3,2003-06-25,2004-09-15,0.481854198528291,0.0305272896626715,0.932621240985251
"India",4,2004-09-16,2005-12-06,0.463137471910102,0.0295523493661618,0.931715811276236
"India",5,2005-12-07,2007-02-27,0.514135492965453,0.037271171560003,0.913580773879625
"India",6,2007-02-28,2008-05-28,0.351268601371761,0.0190441712024222,0.949750963485992
"India",7,2008-05-29,2009-08-21,0.649844625178161,0.0378917784307576,0.942330439592299
"India",8,2009-08-25,2010-11-11,0.572170404893158,0.0223845287665437,0.973188890940824
"India",9,2010-11-12,2012-02-03,0.477834347628802,0.0165549040062619,0.978851101935219
"India",10,2012-02-07,2013-05-01,0.534959880281396,0.0276172269036428,0.954223727398405
"India",11,2013-05-02,2014-07-24,0.493300783267872,0.0274427802287848,0.947233054503134
"India",12,2014-07-25,2015-10-15,0.448874706112614,0.0230781797931919,0.954580944065184
"India",13,2015-10-16,2017-01-06,0.429094793965301,0.0336026777137398,0.900587766608919
"India",14,2017-01-10,2018-04-03,0.495689589954144,0.0399352063060805,0.895389178101306
"India",15,2018-04-04,2019-07-03,0.457626424648333,0.0297849887718147,0.929151337623334
"India",16,2019-07-04,2020-09-23,0.501490278860889,0.0596812333515919,0.796856412299877
"India",17,2020-09-24,2021-12-09,0.424918234889041,0.0295767143078428,0.919786298732631
"India",18,2021-12-10,2023-02-23,0.523213349674251,0.0217469853097833,0.969841229174239
"India",19,2023-02-24,2024-05-15,0.448616835352133,0.0220989400524663,0.958149787689315
"India",20,2024-05-16,2025-08-07,0.42019351204794,0.0209539169881686,0.957156285750094
"Indonesia",1,2001-01-03,2002-03-28,0.520615759666396,0.0267362833205274,0.95467921529304
"Indonesia",2,2002-04-02,2003-06-24,0.495925599277722,0.0240833596829608,0.959278991193757
"Indonesia",3,2003-06-25,2004-09-15,0.547126926202605,0.0197972889543818,0.976975435937044
"Indonesia",4,2004-09-16,2005-12-06,0.441528062945085,0.0283235493037935,0.931036700460902
"Indonesia",5,2005-12-07,2007-02-27,0.486604555822375,0.0319370823405557,0.928042125010459
"Indonesia",6,2007-02-28,2008-05-28,0.444147643082874,0.0357298760349197,0.895665778180067
"Indonesia",7,2008-05-29,2009-08-21,0.444706021437477,0.042148586278384,0.860812268149976
"Indonesia",8,2009-08-25,2010-11-11,0.614916537365172,0.030990211152923,0.956280563220056
"Indonesia",9,2010-11-12,2012-02-03,0.40125169303347,0.0336518718142037,0.887621090363861
"Indonesia",10,2012-02-07,2013-05-01,0.412422764285665,0.0230555213290938,0.946743865468855
"Indonesia",11,2013-05-02,2014-07-24,0.449786410252578,0.0234242697364639,0.953453044885261
"Indonesia",12,2014-07-25,2015-10-15,0.315628498507194,0.0299031564469263,0.86090558903408
"Indonesia",13,2015-10-16,2017-01-06,0.28200023415261,0.0183947644625027,0.928860238894565
"Indonesia",14,2017-01-10,2018-04-03,0.439493742973604,0.0442009123394357,0.845976232809945
"Indonesia",15,2018-04-04,2019-07-03,0.571337658704145,0.0241425138491743,0.968860402926095
"Indonesia",16,2019-07-04,2020-09-23,0.404413808184066,0.0401905347028511,0.849059363203111
"Indonesia",17,2020-09-24,2021-12-09,0.47541193164425,0.0260897811090357,0.948578302634275
"Indonesia",18,2021-12-10,2023-02-23,0.514019285537657,0.0269222728430577,0.952945084835388
"Indonesia",19,2023-02-24,2024-05-15,0.445204986332173,0.0283557997158214,0.931949890638894
"Indonesia",20,2024-05-16,2025-08-07,0.608789794071498,0.0293737450420276,0.959781239910683
"Italy",1,2001-01-03,2002-03-28,0.728987354663723,0.0438369831351634,0.938887851602627
"Italy",2,2002-04-02,2003-06-24,0.458653744951422,0.0253843641975381,0.947745131446836
"Italy",3,2003-06-25,2004-09-15,0.436272888094378,0.0191013748733606,0.966645640317873
"Italy",4,2004-09-16,2005-12-06,0.512964531717686,0.0417966052751918,0.893253295359309
"Italy",5,2005-12-07,2007-02-27,0.253010408017879,0.0222565099103187,0.877742136034183
"Italy",6,2007-02-28,2008-05-28,0.41876211523455,0.0230309703616828,0.948365727866563
"Italy",7,2008-05-29,2009-08-21,0.573764325856462,0.0459422440544996,0.896534227582346
"Italy",8,2009-08-25,2010-11-11,0.686451336945748,0.0361681371385038,0.952408589162456
"Italy",9,2010-11-12,2012-02-03,0.391529037020158,0.0159417198370391,0.971023583499134
"Italy",10,2012-02-07,2013-05-01,0.467791251433093,0.0238489875079474,0.955305853789033
"Italy",11,2013-05-02,2014-07-24,0.539416558858844,0.02478270675471,0.963396184727436
"Italy",12,2014-07-25,2015-10-15,0.466184708617983,0.0224280195978479,0.960004460291976
"Italy",13,2015-10-16,2017-01-06,0.379943692774751,0.0245248476089901,0.93023474022979
"Italy",14,2017-01-10,2018-04-03,0.403008441039981,0.0250277841044698,0.935085692004381
"Italy",15,2018-04-04,2019-07-03,0.494051159543307,0.024346489336033,0.958118652396817
"Italy",16,2019-07-04,2020-09-23,0.476472647640393,0.0353599706903296,0.909807606538858
"Italy",17,2020-09-24,2021-12-09,0.539098687249617,0.0279251650781333,0.953927394256124
"Italy",18,2021-12-10,2023-02-23,0.531326770036832,0.0218991105528131,0.970329736539931
"Italy",19,2023-02-24,2024-05-15,0.405217223916301,0.0194105729789839,0.960335989275585
"Italy",20,2024-05-16,2025-08-07,0.51484388488242,0.0302656234578849,0.941438449302856
"Japan",1,2001-01-03,2002-03-28,0.476567820951625,0.0237626548262888,0.957164902390888
"Japan",2,2002-04-02,2003-06-24,0.570713837464471,0.0213997772530055,0.975316885993438
"Japan",3,2003-06-25,2004-09-15,0.407110154584993,0.0248706961562539,0.937051147844304
"Japan",4,2004-09-16,2005-12-06,0.389624713329816,0.0253627739652666,0.929131960977166
"Japan",5,2005-12-07,2007-02-27,0.442841633881533,0.0265016895093255,0.939439224391067
"Japan",6,2007-02-28,2008-05-28,0.432297685380107,0.0216734674263906,0.956714176064743
"Japan",7,2008-05-29,2009-08-21,0.486267733577095,0.0243129202426782,0.956939380120895
"Japan",8,2009-08-25,2010-11-11,0.494178679634956,0.027876867384003,0.945824492318687
"Japan",9,2010-11-12,2012-02-03,0.543792924258353,0.0262405407352663,0.959772836086077
"Japan",10,2012-02-07,2013-05-01,0.488614818547231,0.0243513741417778,0.957205178110184
"Japan",11,2013-05-02,2014-07-24,0.544504358626955,0.0261139686183736,0.960244486969797
"Japan",12,2014-07-25,2015-10-15,0.464100152996168,0.032998737374012,0.916589873039584
"Japan",13,2015-10-16,2017-01-06,0.525314856816182,0.0376713733706334,0.915275702202648
"Japan",14,2017-01-10,2018-04-03,0.342956720752948,0.0367046094611011,0.829067392121052
"Japan",15,2018-04-04,2019-07-03,0.43674114567716,0.0342859059936312,0.900145371585782
"Japan",16,2019-07-04,2020-09-23,0.591267352635316,0.0247963095306868,0.969313793960096
"Japan",17,2020-09-24,2021-12-09,0.555374399011112,0.0283537146343672,0.955186496822847
"Japan",18,2021-12-10,2023-02-23,0.513047971402144,0.0283351701220954,0.947953078602359
"Japan",19,2023-02-24,2024-05-15,0.462275397592118,0.0233218709183411,0.95619302262954
"Japan",20,2024-05-16,2025-08-07,0.508085677574789,0.0323615252947906,0.931946926228078
"Korea",1,2001-01-03,2002-03-28,0.435451561989435,0.0184164605890662,0.968808025761084
"Korea",2,2002-04-02,2003-06-24,0.413437542450042,0.0307607849504787,0.909385910209329
"Korea",3,2003-06-25,2004-09-15,0.352073966236795,0.0272475990279913,0.902681440460372
"Korea",4,2004-09-16,2005-12-06,0.621803330912436,0.0285143394315609,0.963528177412095
"Korea",5,2005-12-07,2007-02-27,0.420976929073743,0.0224425935600239,0.951333001212099
"Korea",6,2007-02-28,2008-05-28,0.480898734321522,0.0305889559886964,0.932116424815864
"Korea",7,2008-05-29,2009-08-21,0.57463583586624,0.0343966761063672,0.93941337173397
"Korea",8,2009-08-25,2010-11-11,0.533033351584382,0.0246031093461507,0.963068175451089
"Korea",9,2010-11-12,2012-02-03,0.64035973540237,0.0304257812282284,0.960951062639715
"Korea",10,2012-02-07,2013-05-01,0.558777897747435,0.0207577966005772,0.975761799034162
"Korea",11,2013-05-02,2014-07-24,0.51784824165589,0.0213041645519846,0.970435985831343
"Korea",12,2014-07-25,2015-10-15,0.414919827588237,0.0345362447543673,0.889119655714438
"Korea",13,2015-10-16,2017-01-06,0.398280332635566,0.0221740771779299,0.947154648911394
"Korea",14,2017-01-10,2018-04-03,0.538726033283883,0.0377055731630872,0.918969456756023
"Korea",15,2018-04-04,2019-07-03,0.666139588623746,0.0352570935535032,0.951996765135493
"Korea",16,2019-07-04,2020-09-23,0.526589951802409,0.0467483365949052,0.875764169638467
"Korea",17,2020-09-24,2021-12-09,0.525576817723575,0.0362843146087155,0.92098818976732
"Korea",18,2021-12-10,2023-02-23,0.561037626595555,0.028889413989468,0.954446917292893
"Korea",19,2023-02-24,2024-05-15,0.449842827243017,0.0228803381211805,0.95550524139869
"Korea",20,2024-05-16,2025-08-07,0.481688538020534,0.031010971795648,0.930574088811096
"Mexico",1,2001-01-03,2002-03-28,0.606303141629945,0.0268766775280073,0.965837617921434
"Mexico",2,2002-04-02,2003-06-24,0.468011741300903,0.0253628335753176,0.949790886892191
"Mexico",3,2003-06-25,2004-09-15,0.543186694616123,0.0339367387455033,0.934351507277485
"Mexico",4,2004-09-16,2005-12-06,0.556306451767988,0.0261533424692015,0.961739031832952
"Mexico",5,2005-12-07,2007-02-27,0.373655872389722,0.023670574667962,0.932631545322045
"Mexico",6,2007-02-28,2008-05-28,0.515523808542959,0.0331166086521044,0.930856775834543
"Mexico",7,2008-05-29,2009-08-21,0.619076042099674,0.04004432585711,0.929962307331707
"Mexico",8,2009-08-25,2010-11-11,0.517989514817906,0.0206904295008679,0.972082738733296
"Mexico",9,2010-11-12,2012-02-03,0.438330718628503,0.0264419619715596,0.938524554824104
"Mexico",10,2012-02-07,2013-05-01,0.559587548556303,0.0336642492539893,0.938840212098752
"Mexico",11,2013-05-02,2014-07-24,0.537469276910295,0.0337944775430595,0.933564384109393
"Mexico",12,2014-07-25,2015-10-15,0.418112445469722,0.0249095649863341,0.939948655837314
"Mexico",13,2015-10-16,2017-01-06,0.413391129490524,0.0407587431185044,0.851077337820958
"Mexico",14,2017-01-10,2018-04-03,0.297759294137419,0.016642026964707,0.946765089192357
"Mexico",15,2018-04-04,2019-07-03,0.508346361877329,0.0312400778866177,0.936347654904348
"Mexico",16,2019-07-04,2020-09-23,0.54222346397659,0.024211980231515,0.965353228991188
"Mexico",17,2020-09-24,2021-12-09,0.386825305354959,0.0240144983410921,0.935127502432637
"Mexico",18,2021-12-10,2023-02-23,0.562681501542544,0.030422145261075,0.950013068212225
"Mexico",19,2023-02-24,2024-05-15,0.546539845265017,0.0271584906501333,0.957444685999796
"Mexico",20,2024-05-16,2025-08-07,0.338219089034214,0.0242308222566733,0.915426187244841
"Russia",1,2001-01-03,2002-03-28,NA,NA,NA
"Russia",2,2002-04-02,2003-06-24,NA,NA,NA
"Russia",3,2003-06-25,2004-09-15,NA,NA,NA
"Russia",4,2004-09-16,2005-12-06,NA,NA,NA
"Russia",5,2005-12-07,2007-02-27,NA,NA,NA
"Russia",6,2007-02-28,2008-05-28,NA,NA,NA
"Russia",7,2008-05-29,2009-08-21,NA,NA,NA
"Russia",8,2009-08-25,2010-11-11,NA,NA,NA
"Russia",9,2010-11-12,2012-02-03,NA,NA,NA
"Russia",10,2012-02-07,2013-05-01,NA,NA,NA
"Russia",11,2013-05-02,2014-07-24,0.425711857893869,0.0158999686821885,0.975505792045777
"Russia",12,2014-07-25,2015-10-15,0.579753650640052,0.0326208679209414,0.94608534153814
"Russia",13,2015-10-16,2017-01-06,0.347907737952357,0.0272198106522337,0.900752411759696
"Russia",14,2017-01-10,2018-04-03,0.519289094882638,0.0254605910303484,0.958524257441412
"Russia",15,2018-04-04,2019-07-03,0.568809590807601,0.0260074590374488,0.963734639460676
"Russia",16,2019-07-04,2020-09-23,0.494939911616693,0.0439731490362835,0.875592962086641
"Russia",17,2020-09-24,2021-12-09,0.685792252182847,0.0375258937078016,0.948861021230053
"Russia",18,2021-12-10,2023-02-23,0.545310141544702,0.0226913546146039,0.969774265932251
"Russia",19,2023-02-24,2024-05-15,0.450499786772095,0.0190310662540415,0.968877224848462
"Russia",20,2024-05-16,2025-08-07,NA,NA,NA
"SaudiArabia",1,2001-01-03,2002-03-28,NA,NA,NA
"SaudiArabia",2,2002-04-02,2003-06-24,NA,NA,NA
"SaudiArabia",3,2003-06-25,2004-09-15,NA,NA,NA
"SaudiArabia",4,2004-09-16,2005-12-06,NA,NA,NA
"SaudiArabia",5,2005-12-07,2007-02-27,NA,NA,NA
"SaudiArabia",6,2007-02-28,2008-05-28,NA,NA,NA
"SaudiArabia",7,2008-05-29,2009-08-21,NA,NA,NA
"SaudiArabia",8,2009-08-25,2010-11-11,NA,NA,NA
"SaudiArabia",9,2010-11-12,2012-02-03,NA,NA,NA
"SaudiArabia",10,2012-02-07,2013-05-01,NA,NA,NA
"SaudiArabia",11,2013-05-02,2014-07-24,NA,NA,NA
"SaudiArabia",12,2014-07-25,2015-10-15,NA,NA,NA
"SaudiArabia",13,2015-10-16,2017-01-06,NA,NA,NA
"SaudiArabia",14,2017-01-10,2018-04-03,NA,NA,NA
"SaudiArabia",15,2018-04-04,2019-07-03,NA,NA,NA
"SaudiArabia",16,2019-07-04,2020-09-23,NA,NA,NA
"SaudiArabia",17,2020-09-24,2021-12-09,NA,NA,NA
"SaudiArabia",18,2021-12-10,2023-02-23,NA,NA,NA
"SaudiArabia",19,2023-02-24,2024-05-15,NA,NA,NA
"SaudiArabia",20,2024-05-16,2025-08-07,NA,NA,NA
"USA",1,2001-01-03,2002-03-28,0.619932373794378,0.0341289198537593,0.948267911269086
"USA",2,2002-04-02,2003-06-24,0.574354202561259,0.0393723851703436,0.922011149082337
"USA",3,2003-06-25,2004-09-15,0.330472503413045,0.0191300666978449,0.943114789666343
"USA",4,2004-09-16,2005-12-06,0.54737244959653,0.0273109133050266,0.957111428149527
"USA",5,2005-12-07,2007-02-27,0.309810069522489,0.0205180684174524,0.926826654877213
"USA",6,2007-02-28,2008-05-28,0.473925053907324,0.0220365521060725,0.962540708056922
"USA",7,2008-05-29,2009-08-21,0.529542583350913,0.0372388224223216,0.918261099704283
"USA",8,2009-08-25,2010-11-11,0.586438839324657,0.0205300248336062,0.978416115865347
"USA",9,2010-11-12,2012-02-03,0.373492479533134,0.0230812578842782,0.935678747303821
"USA",10,2012-02-07,2013-05-01,0.503194522413778,0.0337172569351767,0.925225620716958
"USA",11,2013-05-02,2014-07-24,0.469771236172006,0.0214580155717246,0.963803444218469
"USA",12,2014-07-25,2015-10-15,0.29788812736086,0.025943003880699,0.879876407833766
"USA",13,2015-10-16,2017-01-06,0.477968130450316,0.0228092569476484,0.960622368080171
"USA",14,2017-01-10,2018-04-03,0.377901501503313,0.0474587024834182,0.778884156927255
"USA",15,2018-04-04,2019-07-03,0.615717701303788,0.050147357566156,0.893335494689008
"USA",16,2019-07-04,2020-09-23,0.424192158888349,0.0236952441645786,0.946821310242187
"USA",17,2020-09-24,2021-12-09,0.360112811174859,0.0254089440809674,0.917757459145152
"USA",18,2021-12-10,2023-02-23,0.551388961162963,0.0245613454243557,0.965515807177863
"USA",19,2023-02-24,2024-05-15,0.54303751646299,0.0357290433666218,0.927711601945199
"USA",20,2024-05-16,2025-08-07,0.478224719323305,0.0334711743962792,0.9189689953176
"Turkey",1,2001-01-03,2002-03-28,0.457040002947175,0.0226087756484972,0.957811115853367
"Turkey",2,2002-04-02,2003-06-24,0.597030862346486,0.0333504466693975,0.946819844460821
"Turkey",3,2003-06-25,2004-09-15,0.452591390262403,0.0238403242554846,0.952431652438786
"Turkey",4,2004-09-16,2005-12-06,0.46939050761417,0.0258658399169697,0.948174291685651
"Turkey",5,2005-12-07,2007-02-27,0.467790546165658,0.0248593801234622,0.951625521631817
"Turkey",6,2007-02-28,2008-05-28,0.540458270182883,0.0325078840182989,0.93885987092359
"Turkey",7,2008-05-29,2009-08-21,0.568688199670963,0.0328074994298524,0.943479892339427
"Turkey",8,2009-08-25,2010-11-11,0.542147500534944,0.0363521040970714,0.925131335966289
"Turkey",9,2010-11-12,2012-02-03,0.452386307978259,0.0275357342437805,0.937481354137836
"Turkey",10,2012-02-07,2013-05-01,0.498233112094473,0.028567413816534,0.944129719524997
"Turkey",11,2013-05-02,2014-07-24,0.439119178648612,0.024362815917085,0.947501995590229
"Turkey",12,2014-07-25,2015-10-15,0.480927960554704,0.0225926285930386,0.961794298788246
"Turkey",13,2015-10-16,2017-01-06,0.363025956539879,0.0272875236448466,0.907687260685801
"Turkey",14,2017-01-10,2018-04-03,0.550439094824413,0.0258742064319849,0.961748408012699
"Turkey",15,2018-04-04,2019-07-03,0.47479400385274,0.0237862787857599,0.956775963668204
"Turkey",16,2019-07-04,2020-09-23,0.538409020207543,0.0427416357166064,0.89812093562627
"Turkey",17,2020-09-24,2021-12-09,0.617505744271297,0.0458943750822538,0.909563746127849
"Turkey",18,2021-12-10,2023-02-23,0.379377396929443,0.0181999885320935,0.960221952707974
"Turkey",19,2023-02-24,2024-05-15,0.449759376595638,0.0300791865192436,0.925489778796697
"Turkey",20,2024-05-16,2025-08-07,0.451935611053361,0.0278903333862803,0.935844971789998
"SouthAfrica",1,2001-01-03,2002-03-28,NA,NA,NA
"SouthAfrica",2,2002-04-02,2003-06-24,NA,NA,NA
"SouthAfrica",3,2003-06-25,2004-09-15,NA,NA,NA
"SouthAfrica",4,2004-09-16,2005-12-06,NA,NA,NA
"SouthAfrica",5,2005-12-07,2007-02-27,NA,NA,NA
"SouthAfrica",6,2007-02-28,2008-05-28,NA,NA,NA
"SouthAfrica",7,2008-05-29,2009-08-21,NA,NA,NA
"SouthAfrica",8,2009-08-25,2010-11-11,NA,NA,NA
"SouthAfrica",9,2010-11-12,2012-02-03,NA,NA,NA
"SouthAfrica",10,2012-02-07,2013-05-01,0.338756496460137,0.0229019955686583,0.923983461387001
"SouthAfrica",11,2013-05-02,2014-07-24,0.333091214417101,0.0208166834505635,0.934315516828716
"SouthAfrica",12,2014-07-25,2015-10-15,0.401812955548805,0.0320995423515722,0.896962225667325
"SouthAfrica",13,2015-10-16,2017-01-06,0.309815924405769,0.02803983322752,0.871505118902122
"SouthAfrica",14,2017-01-10,2018-04-03,0.541167036438891,0.0209823728805879,0.973653468324463
"SouthAfrica",15,2018-04-04,2019-07-03,0.462812690696456,0.0277368460374012,0.939274818998713
"SouthAfrica",16,2019-07-04,2020-09-23,0.434295601031987,0.043536058495372,0.846823314888303
"SouthAfrica",17,2020-09-24,2021-12-09,0.41729693966503,0.0140894331152359,0.979892976299541
"SouthAfrica",18,2021-12-10,2023-02-23,0.452129181852573,0.025064444352767,0.947582006150531
"SouthAfrica",19,2023-02-24,2024-05-15,0.469511582579471,0.0253989220156319,0.949960167346339
"SouthAfrica",20,2024-05-16,2025-08-07,-0.737012341926119,0.726390062157501,0.0540982547863749
"Gold",1,2001-01-03,2002-03-28,0.331920587663655,0.0301787739407176,0.870472401461051
"Gold",2,2002-04-02,2003-06-24,0.626245402212936,0.039116902817299,0.934380051608191
"Gold",3,2003-06-25,2004-09-15,0.541206879715509,0.0215742451796374,0.972192037599206
"Gold",4,2004-09-16,2005-12-06,0.443566852710369,0.0229827518326643,0.953904018162273
"Gold",5,2005-12-07,2007-02-27,0.661948431350926,0.0307778672796673,0.962543964272539
"Gold",6,2007-02-28,2008-05-28,0.445015060845884,0.0285481575388177,0.931032557103162
"Gold",7,2008-05-29,2009-08-21,0.59400398660944,0.0271445009509156,0.963773008586872
"Gold",8,2009-08-25,2010-11-11,0.400291867060748,0.0304700277915191,0.905554894664304
"Gold",9,2010-11-12,2012-02-03,0.464502357172371,0.0185861448427468,0.971988496473333
"Gold",10,2012-02-07,2013-05-01,0.397053340087989,0.0212392158510105,0.951017573334074
"Gold",11,2013-05-02,2014-07-24,0.463942108813186,0.0270869555030262,0.942189895849189
"Gold",12,2014-07-25,2015-10-15,0.476797155112987,0.0223821759496804,0.961848089397343
"Gold",13,2015-10-16,2017-01-06,0.591379037502389,0.0181716283860895,0.983288731817779
"Gold",14,2017-01-10,2018-04-03,0.435112551580613,0.021219941181642,0.958946334703887
"Gold",15,2018-04-04,2019-07-03,0.385154698693775,0.044107666956831,0.809019414150175
"Gold",16,2019-07-04,2020-09-23,0.438743453288047,0.028369867358921,0.930007385752911
"Gold",17,2020-09-24,2021-12-09,0.505022227261209,0.03010902616848,0.939867199407156
"Gold",18,2021-12-10,2023-02-23,0.478491446639607,0.0274781074850614,0.94396569434026
"Gold",19,2023-02-24,2024-05-15,0.615644332084688,0.0193979699092629,0.982443700979387
"Gold",20,2024-05-16,2025-08-07,0.502073412410785,0.0244060120505256,0.959201738458985
"Silver",1,2001-01-03,2002-03-28,0.493107168814412,0.0272534480838427,0.947882077307939
"Silver",2,2002-04-02,2003-06-24,0.511398331809511,0.0232299858560235,0.964189198305984
"Silver",3,2003-06-25,2004-09-15,0.667778212345014,0.0333693507035762,0.956986068152989
"Silver",4,2004-09-16,2005-12-06,0.525753266874952,0.039829771276031,0.906367133539469
"Silver",5,2005-12-07,2007-02-27,0.597039396383302,0.033366079143059,0.946774073036885
"Silver",6,2007-02-28,2008-05-28,0.41745489906042,0.0388156495967041,0.865335903519298
"Silver",7,2008-05-29,2009-08-21,0.508020406153575,0.0255954629726142,0.956304918007694
"Silver",8,2009-08-25,2010-11-11,0.52928959407568,0.0274908049904693,0.953690696030881
"Silver",9,2010-11-12,2012-02-03,0.581566967456633,0.026041195459397,0.965166499721588
"Silver",10,2012-02-07,2013-05-01,0.463355184711458,0.0209843004530809,0.964396786583341
"Silver",11,2013-05-02,2014-07-24,0.529610823990682,0.0336143581273708,0.932390708819455
"Silver",12,2014-07-25,2015-10-15,0.423693686292592,0.0239503687736053,0.945611666528333
"Silver",13,2015-10-16,2017-01-06,0.534120938865108,0.0234792916107553,0.966386470386539
"Silver",14,2017-01-10,2018-04-03,0.502934696058872,0.0267825559935238,0.951434033519106
"Silver",15,2018-04-04,2019-07-03,0.404519662460043,0.0372552584829111,0.867547103813754
"Silver",16,2019-07-04,2020-09-23,0.434552914908311,0.0333227854149586,0.904285979262789
"Silver",17,2020-09-24,2021-12-09,0.403973007960112,0.0270406898074026,0.925369154714397
"Silver",18,2021-12-10,2023-02-23,0.546637343237134,0.0242796997498134,0.965706966846559
"Silver",19,2023-02-24,2024-05-15,0.558225149555194,0.0271233181142289,0.959237078684633
"Silver",20,2024-05-16,2025-08-07,0.47044599297754,0.022709583989678,0.959744346859369
"NaturalGas",1,2001-01-03,2002-03-28,0.426027236243884,0.0236667712026851,0.947374355829816
"NaturalGas",2,2002-04-02,2003-06-24,0.42555729943743,0.0296909727015078,0.919438430187471
"NaturalGas",3,2003-06-25,2004-09-15,0.48983949672451,0.0292597977800731,0.939650471511136
"NaturalGas",4,2004-09-16,2005-12-06,0.519479455827907,0.0369390009488229,0.916578902615445
"NaturalGas",5,2005-12-07,2007-02-27,0.443692919683261,0.0361362009226512,0.893338311979416
"NaturalGas",6,2007-02-28,2008-05-28,0.355811754610594,0.0210854339586092,0.940546518681459
"NaturalGas",7,2008-05-29,2009-08-21,0.420955682598562,0.0223191220702749,0.951836681307525
"NaturalGas",8,2009-08-25,2010-11-11,0.413217092251038,0.0174263086723906,0.968980015568835
"NaturalGas",9,2010-11-12,2012-02-03,0.448743535334388,0.033976982703746,0.906460587284126
"NaturalGas",10,2012-02-07,2013-05-01,0.548416369285577,0.0231338225887161,0.968964804150358
"NaturalGas",11,2013-05-02,2014-07-24,0.510703879486351,0.0282501774584422,0.947797407883732
"NaturalGas",12,2014-07-25,2015-10-15,0.440774909323552,0.0307558953319081,0.91942303516301
"NaturalGas",13,2015-10-16,2017-01-06,0.46345796005402,0.0228834198163168,0.957962008698297
"NaturalGas",14,2017-01-10,2018-04-03,0.465015019459607,0.0423038262728458,0.87034499647198
"NaturalGas",15,2018-04-04,2019-07-03,0.410346930788246,0.0288791386118901,0.918144194040535
"NaturalGas",16,2019-07-04,2020-09-23,0.523621632625772,0.050194424302999,0.858070893193924
"NaturalGas",17,2020-09-24,2021-12-09,0.377896105033604,0.0303075082143849,0.896235182761252
"NaturalGas",18,2021-12-10,2023-02-23,0.517687449897744,0.0371657538667021,0.915102864077182
"NaturalGas",19,2023-02-24,2024-05-15,0.441948293787882,0.0286495888953782,0.929676839215873
"NaturalGas",20,2024-05-16,2025-08-07,0.28885671155331,0.0257315734124472,0.875015536677142
"CrudeOil",1,2001-01-03,2002-03-28,0.335871212552784,0.0164093690516464,0.958805319332204
"CrudeOil",2,2002-04-02,2003-06-24,0.550265687744984,0.0390179042421169,0.917009329988981
"CrudeOil",3,2003-06-25,2004-09-15,0.527904282678057,0.0302163081695645,0.944312142320752
"CrudeOil",4,2004-09-16,2005-12-06,0.535178554739693,0.0301127299158747,0.946085480898601
"CrudeOil",5,2005-12-07,2007-02-27,0.500369776496961,0.0439279290375091,0.878170941783501
"CrudeOil",6,2007-02-28,2008-05-28,0.414156827489566,0.0279512874938379,0.924225281254515
"CrudeOil",7,2008-05-29,2009-08-21,0.503118234965541,0.0389554521907029,0.902598935011739
"CrudeOil",8,2009-08-25,2010-11-11,0.641543163684007,0.0201924280889664,0.982480497465664
"CrudeOil",9,2010-11-12,2012-02-03,0.453611290479977,0.0276621583836074,0.937261016939807
"CrudeOil",10,2012-02-07,2013-05-01,0.544012724620809,0.0391990622138665,0.914531800530123
"CrudeOil",11,2013-05-02,2014-07-24,0.469898249893798,0.0216824453593787,0.963089656254406
"CrudeOil",12,2014-07-25,2015-10-15,0.380734835481291,0.030860453830875,0.894247721096752
"CrudeOil",13,2015-10-16,2017-01-06,0.355892281877707,0.0358458526315583,0.845590718214311
"CrudeOil",14,2017-01-10,2018-04-03,0.561941694782994,0.0275829642050167,0.958434381478248
"CrudeOil",15,2018-04-04,2019-07-03,0.640190743952373,0.033287922006965,0.953592321931365
"CrudeOil",16,2019-07-04,2020-09-23,0.768504994484246,0.053196030491598,0.920602013425872
"CrudeOil",17,2020-09-24,2021-12-09,0.45936617458495,0.0324799025919041,0.917441412201891
"CrudeOil",18,2021-12-10,2023-02-23,0.371450201494963,0.023536479420519,0.932601472423038
"CrudeOil",19,2023-02-24,2024-05-15,0.366444696693076,0.0224064741740838,0.936945375966956
"CrudeOil",20,2024-05-16,2025-08-07,0.408983473721024,0.0285908451959899,0.919146348056508
"Copper",1,2001-01-03,2002-03-28,0.524616194252788,0.0231176451591209,0.966228064276458
"Copper",2,2002-04-02,2003-06-24,0.449557185787672,0.0266554589904051,0.940484950625195
"Copper",3,2003-06-25,2004-09-15,0.391965749843027,0.0204048803910054,0.953488552502648
"Copper",4,2004-09-16,2005-12-06,0.373674368179949,0.0200001254049334,0.950963960807201
"Copper",5,2005-12-07,2007-02-27,0.445482606201814,0.034982103900775,0.900094176446532
"Copper",6,2007-02-28,2008-05-28,0.555180708019449,0.0395138700961229,0.916438498894609
"Copper",7,2008-05-29,2009-08-21,0.48215273053477,0.0430258033743416,0.874632028931737
"Copper",8,2009-08-25,2010-11-11,0.571663486159031,0.0319695596551087,0.946705800292756
"Copper",9,2010-11-12,2012-02-03,0.472232815596172,0.0221774761078872,0.961816423233291
"Copper",10,2012-02-07,2013-05-01,0.494378802934008,0.0309352943197015,0.934161023705773
"Copper",11,2013-05-02,2014-07-24,0.468629670781421,0.0225744131106689,0.95990642554182
"Copper",12,2014-07-25,2015-10-15,0.370654064838946,0.0306745758977265,0.890250099452259
"Copper",13,2015-10-16,2017-01-06,0.644773594845862,0.0232372809978953,0.977154952019061
"Copper",14,2017-01-10,2018-04-03,0.470907522386356,0.0282195055608483,0.93928481132071
"Copper",15,2018-04-04,2019-07-03,0.462933742841924,0.0229505399325394,0.957633744039447
"Copper",16,2019-07-04,2020-09-23,0.459990065097266,0.0295944329885073,0.930659575114419
"Copper",17,2020-09-24,2021-12-09,0.406070872515063,0.0247308181540714,0.937413995203595
"Copper",18,2021-12-10,2023-02-23,0.515738520591584,0.0322112876929316,0.934391738740093
"Copper",19,2023-02-24,2024-05-15,0.4644619444185,0.02535197918145,0.94910109418199
"Copper",20,2024-05-16,2025-08-07,0.462130443806762,0.0595534389524574,0.769869512308593
